genre1,genre2,count
melodic,death,1456
melodic,metalcore,228
melodic,thrash,233
melodic,deathcore,38
melodic,black,394
melodic,power,184
melodic,heavy,270
melodic,hard,63
melodic,rock,94
melodic,progressive,122
melodic,folk,41
melodic,doom,80
melodic,dark,14
melodic,symphonic,43
melodic,groove,55
melodic,rac,1
melodic,technical,22
melodic,gothic,74
melodic,alternative,4
melodic,experimental,9
melodic,shred,2
melodic,speed,16
melodic,blackened,11
melodic,epic,4
melodic,acoustic,1
melodic,industrial,13
melodic,grindcore,5
melodic,atmospheric,13
melodic,ambient,7
melodic,viking,16
melodic,post-metal,1
melodic,pagan,8
melodic,avant-garde,2
melodic,middle,1
melodic,eastern,1
melodic,shoegaze,1
melodic,electronic,1
melodic,medieval,2
melodic,sludge,5
melodic,crust,2
melodic,punk,2
melodic,depressive,2
melodic,hardcore,7
melodic,funeral,1
melodic,post-rock,1
melodic,drone,1
melodic,raw,2
melodic,neoclassical,1
melodic,nu-metal,1
melodic,stoner,1
melodic,classical,1
melodic,pop,2
melodic,jazz,1
melodic,brutal,2
melodic,crustcore,1
melodic,aor,1
melodic,extreme,1
death,melodic,1456
death,metalcore,331
death,technical,252
death,thrash,1298
death,groove,178
death,black,1123
death,doom,442
death,hardcore,69
death,deathcore,129
death,brutal,520
death,blackened,92
death,crust,34
death,punk,29
death,grindcore,572
death,progressive,407
death,sludge,34
death,dark,10
death,avant-garde,22
death,stoner,10
death,experimental,64
death,crossover,17
death,folk,54
death,atmospheric,65
death,heavy,42
death,jazz,7
death,fusion,5
death,power,60
death,goregrind,42
death,symphonic,87
death,alternative,6
death,rock,40
death,'n',29
death,roll,29
death,electronic,11
death,funeral,18
death,medieval,1
death,noise,12
death,industrial,77
death,gothic,109
death,neofolk,2
death,epic,9
death,ambient,10
death,classical,2
death,viking,25
death,electronics,1
death,powerviolence,2
death,horror,1
death,psychedelic,5
death,various,3
death,post-rock,3
death,djent,2
death,hard,5
death,latin,1
death,pagan,13
death,southern,1
death,middle,3
death,eastern,3
death,breakcore,1
death,shoegaze,1
death,post-metal,1
death,grind,1
death,speed,6
death,trip,1
death,hop,1
death,raw,7
death,rac,2
death,post-black,2
death,nu-metal,3
death,extreme,2
death,neoclassical,4
death,post-doom,1
death,grunge,1
death,depressive,2
death,orchestral,1
death,drone,4
death,psychobilly,1
death,cybergrind,1
death,bossa,1
death,nova,1
death,funk,1
death,shred,1
death,crustcore,1
death,mathcore,2
metal,melodic,2240
metal,death,7461
metal,metalcore,507
metal,thrash,4756
metal,technical,305
metal,doom,1697
metal,stoner,406
metal,black,6440
metal,ambient,325
metal,symphonic,628
metal,gothic,817
metal,groove,823
metal,power,1647
metal,progressive,1894
metal,heavy,3601
metal,hardcore,207
metal,sludge,456
metal,deathcore,146
metal,brutal,525
metal,atmospheric,401
metal,pagan,223
metal,avant-garde,116
metal,raw,209
metal,noise,59
metal,shred,89
metal,post-black,100
metal,shoegaze,29
metal,funk,7
metal,crossover,287
metal,thrashcore,3
metal,rock,889
metal,speed,415
metal,blackened,142
metal,crust,108
metal,punk,165
metal,pop,12
metal,depressive,168
metal,celtic,9
metal,folk,410
metal,grindcore,641
metal,hard,457
metal,dark,111
metal,experimental,186
metal,drone,78
metal,noisecore,1
metal,epic,112
metal,middle,11
metal,eastern,12
metal,electronic,37
metal,extreme,40
metal,funeral,118
metal,nwobhm,23
metal,southern,63
metal,industrial,230
metal,psychedelic,74
metal,neoclassical,61
metal,rac,18
metal,jazz,10
metal,fusion,18
metal,goregrind,44
metal,alternative,49
metal,grunge,12
metal,post-hardcore,10
metal,glam,9
metal,'n',16
metal,roll,16
metal,medieval,7
metal,neofolk,10
metal,viking,100
metal,darkwave,6
metal,electronica,5
metal,world,1
metal,music,2
metal,harsh,1
metal,classical,9
metal,acoustic,7
metal,post-rock,30
metal,art,1
metal,various,8
metal,post-metal,12
metal,latin,4
metal,electronics,2
metal,post-punk,3
metal,powerviolence,4
metal,horror,1
metal,djent,8
metal,middle-eastern,2
metal,-,2
metal,crustcore,6
metal,synthwave,1
metal,trance,1
metal,breakcore,1
metal,blues,2
metal,jazzy,1
metal,operatic,4
metal,grind,1
metal,dungeon,3
metal,synth,3
metal,opera,1
metal,trip,2
metal,hop,2
metal,new,1
metal,wave,1
metal,nu-metal,9
metal,cybergrind,2
metal,ebm,1
metal,aor,4
metal,core,1
metal,gothiс,1
metal,oi!,3
metal,post-doom,1
metal,space,1
metal,orchestral,2
metal,indie,1
metal,psychobilly,1
metal,jazz-fusion,1
metal,ska,1
metal,bossa,1
metal,nova,1
metal,post-,1
metal,oriental,1
metal,techno,1
metal,deathrock,2
metal,mathcore,2
metal,ethnic,1
metal,ritual,1
metal,soundtrack,1
metalcore,melodic,228
metalcore,death,331
metalcore,technical,8
metalcore,deathcore,14
metalcore,thrash,148
metalcore,heavy,11
metalcore,groove,76
metalcore,progressive,34
metalcore,grindcore,9
metalcore,symphonic,2
metalcore,folk,4
metalcore,epic,1
metalcore,power,5
metalcore,alternative,1
metalcore,rock,6
metalcore,sludge,6
metalcore,powerviolence,1
metalcore,hard,4
metalcore,industrial,3
metalcore,brutal,3
metalcore,gothic,3
metalcore,doom,3
metalcore,blackened,3
metalcore,black,5
metalcore,hardcore,6
metalcore,southern,3
metalcore,stoner,1
metalcore,crossover,1
metalcore,post-black,1
metalcore,viking,1
metalcore,noise,1
metalcore,punk,1
thrash,death,1298
thrash,melodic,233
thrash,progressive,157
thrash,black,313
thrash,groove,336
thrash,funk,4
thrash,crossover,266
thrash,thrashcore,2
thrash,heavy,375
thrash,crust,24
thrash,punk,63
thrash,metalcore,148
thrash,speed,172
thrash,hardcore,114
thrash,avant-garde,4
thrash,grindcore,50
thrash,stoner,14
thrash,power,202
thrash,hard,13
thrash,rock,27
thrash,technical,42
thrash,blackened,19
thrash,electronic,4
thrash,southern,7
thrash,viking,5
thrash,epic,3
thrash,doom,38
thrash,industrial,29
thrash,experimental,14
thrash,alternative,8
thrash,symphonic,14
thrash,latin,2
thrash,brutal,6
thrash,'n',3
thrash,roll,3
thrash,sludge,16
thrash,deathcore,9
thrash,middle,1
thrash,eastern,1
thrash,gothic,18
thrash,rac,8
thrash,jazz,3
thrash,psychedelic,2
thrash,crustcore,4
thrash,grunge,4
thrash,dark,3
thrash,core,1
thrash,pagan,5
thrash,extreme,1
thrash,folk,9
thrash,drone,1
thrash,post-rock,1
thrash,shred,3
thrash,raw,1
thrash,nu-metal,4
thrash,ska,1
thrash,post-hardcore,1
thrash,fusion,2
technical,death,252
technical,metalcore,8
technical,melodic,22
technical,progressive,43
technical,thrash,42
technical,deathcore,28
technical,speed,2
technical,groove,12
technical,brutal,31
technical,grindcore,15
technical,experimental,4
technical,avant-garde,2
technical,black,5
technical,power,4
technical,doom,1
technical,industrial,1
technical,crossover,1
technical,trip,1
technical,hop,1
technical,djent,1
technical,sludge,1
technical,hardcore,1
technical,fusion,1
technical,symphonic,1
technical,atmospheric,2
technical,rock,1
technical,goregrind,2
technical,mathcore,2
technical,shred,2
technical,heavy,1
doom,stoner,195
doom,death,442
doom,atmospheric,78
doom,heavy,81
doom,black,263
doom,sludge,229
doom,avant-garde,15
doom,dark,15
doom,melodic,80
doom,experimental,23
doom,folk,25
doom,pagan,7
doom,drone,67
doom,epic,18
doom,gothic,175
doom,rock,78
doom,funeral,113
doom,progressive,83
doom,psychedelic,51
doom,ambient,39
doom,symphonic,17
doom,neofolk,3
doom,industrial,17
doom,noise,12
doom,hardcore,8
doom,crust,18
doom,thrash,38
doom,electronic,5
doom,crossover,2
doom,blackened,20
doom,post-rock,14
doom,hard,16
doom,alternative,4
doom,grunge,4
doom,post-metal,15
doom,punk,9
doom,neoclassical,2
doom,technical,1
doom,power,8
doom,post-black,3
doom,'n',2
doom,roll,2
doom,grindcore,7
doom,breakcore,1
doom,post-hardcore,1
doom,brutal,2
doom,groove,5
doom,middle-eastern,1
doom,southern,2
doom,medieval,1
doom,deathcore,1
doom,raw,2
doom,fusion,1
doom,viking,1
doom,metalcore,3
doom,depressive,8
doom,gothiс,1
doom,shoegaze,1
doom,acoustic,1
doom,powerviolence,1
doom,space,1
doom,djent,1
doom,middle,1
doom,eastern,1
doom,extreme,1
doom,funk,1
doom,post-,1
doom,deathrock,1
doom,nwobhm,1
stoner,doom,195
stoner,groove,12
stoner,sludge,77
stoner,rock,84
stoner,death,10
stoner,grindcore,1
stoner,thrash,14
stoner,heavy,37
stoner,southern,14
stoner,progressive,21
stoner,psychedelic,22
stoner,funeral,1
stoner,atmospheric,1
stoner,hard,10
stoner,grunge,1
stoner,blues,1
stoner,experimental,3
stoner,drone,3
stoner,hardcore,3
stoner,post-metal,3
stoner,alternative,3
stoner,ambient,1
stoner,avant-garde,1
stoner,metalcore,1
stoner,melodic,1
stoner,black,2
stoner,blackened,1
black,ambient,275
black,death,1123
black,melodic,394
black,pagan,162
black,avant-garde,41
black,thrash,313
black,raw,203
black,noise,43
black,doom,263
black,symphonic,233
black,gothic,111
black,atmospheric,260
black,depressive,153
black,progressive,91
black,speed,29
black,folk,156
black,dark,63
black,experimental,73
black,drone,17
black,groove,5
black,funeral,28
black,industrial,62
black,deathcore,9
black,punk,50
black,post-black,4
black,power,13
black,psychedelic,7
black,epic,45
black,grindcore,55
black,medieval,6
black,sludge,17
black,electronic,13
black,hardcore,13
black,crust,45
black,electronica,3
black,viking,36
black,harsh,1
black,acoustic,5
black,shoegaze,15
black,post-rock,7
black,celtic,2
black,heavy,32
black,neoclassical,4
black,rock,21
black,electronics,1
black,post-punk,3
black,blackened,5
black,technical,5
black,brutal,11
black,'n',5
black,roll,5
black,post-metal,7
black,-,1
black,powerviolence,1
black,neofolk,7
black,synthwave,1
black,trance,1
black,dungeon,3
black,synth,3
black,metalcore,5
black,rac,5
black,goregrind,1
black,cybergrind,1
black,ebm,1
black,darkwave,2
black,oi!,1
black,grunge,1
black,middle,3
black,eastern,3
black,psychobilly,1
black,extreme,4
black,various,1
black,djent,1
black,crossover,1
black,stoner,2
black,ritual,1
black,jazz,1
black,fusion,1
ambient,black,275
ambient,noise,10
ambient,depressive,14
ambient,dark,61
ambient,atmospheric,31
ambient,progressive,11
ambient,doom,39
ambient,sludge,5
ambient,drone,16
ambient,industrial,9
ambient,folk,22
ambient,experimental,13
ambient,electronica,3
ambient,raw,15
ambient,death,10
ambient,electronic,5
ambient,punk,1
ambient,medieval,1
ambient,melodic,7
ambient,blackened,3
ambient,pagan,11
ambient,neoclassical,5
ambient,post-black,2
ambient,-,1
ambient,gothic,6
ambient,funeral,8
ambient,crust,1
ambient,trance,1
ambient,post-metal,3
ambient,avant-garde,2
ambient,rock,8
ambient,classical,1
ambient,post-rock,1
ambient,neofolk,2
ambient,viking,1
ambient,grindcore,1
ambient,middle,1
ambient,eastern,1
ambient,egyptian,1
ambient,acoustic,2
ambient,dungeon,1
ambient,synth,1
ambient,stoner,1
ambient,heavy,1
ambient,martial,1
ambient,symphonic,3
ambient,darkwave,1
ambient,epic,1
ambient,ritual,1
ambient,power,1
symphonic,gothic,105
symphonic,black,233
symphonic,power,102
symphonic,melodic,43
symphonic,progressive,53
symphonic,industrial,9
symphonic,epic,9
symphonic,folk,21
symphonic,death,87
symphonic,doom,17
symphonic,avant-garde,3
symphonic,metalcore,2
symphonic,experimental,5
symphonic,heavy,25
symphonic,rock,15
symphonic,blackened,6
symphonic,thrash,14
symphonic,electronic,5
symphonic,middle-eastern,1
symphonic,deathcore,7
symphonic,grindcore,2
symphonic,extreme,7
symphonic,shred,1
symphonic,groove,1
symphonic,pagan,2
symphonic,operatic,1
symphonic,atmospheric,6
symphonic,opera,1
symphonic,classical,2
symphonic,acoustic,1
symphonic,hard,2
symphonic,alternative,1
symphonic,technical,1
symphonic,orchestral,1
symphonic,depressive,3
symphonic,post-black,1
symphonic,indie,1
symphonic,brutal,1
symphonic,ambient,3
symphonic,djent,1
symphonic,dark,1
symphonic,middle,1
symphonic,eastern,1
symphonic,ethnic,1
symphonic,music,1
symphonic,soundtrack,1
gothic,symphonic,105
gothic,black,111
gothic,power,25
gothic,progressive,56
gothic,rock,57
gothic,atmospheric,12
gothic,doom,175
gothic,folk,26
gothic,extreme,7
gothic,melodic,74
gothic,industrial,26
gothic,avant-garde,7
gothic,death,109
gothic,hard,2
gothic,darkwave,6
gothic,electronic,3
gothic,heavy,34
gothic,world,1
gothic,music,1
gothic,dark,9
gothic,speed,1
gothic,pop,1
gothic,thrash,18
gothic,ambient,6
gothic,-,1
gothic,blackened,6
gothic,alternative,4
gothic,crust,1
gothic,middle-eastern,1
gothic,post-metal,1
gothic,viking,2
gothic,metalcore,3
gothic,psychedelic,1
gothic,oi!,1
gothic,rac,1
gothic,middle,1
gothic,eastern,1
gothic,groove,1
gothic,pagan,1
gothic,depressive,2
gothic,epic,3
gothic,classical,2
gothic,punk,1
gothic,medieval,2
groove,death,178
groove,thrash,336
groove,funk,2
groove,hardcore,15
groove,stoner,12
groove,metalcore,76
groove,black,5
groove,avant-garde,3
groove,electronic,5
groove,heavy,52
groove,melodic,55
groove,hard,6
groove,rock,19
groove,rac,1
groove,sludge,19
groove,progressive,42
groove,deathcore,6
groove,southern,13
groove,crossover,11
groove,technical,12
groove,speed,2
groove,brutal,3
groove,grindcore,4
groove,industrial,22
groove,power,6
groove,experimental,5
groove,glam,2
groove,symphonic,1
groove,doom,5
groove,alternative,5
groove,blackened,1
groove,nu-metal,5
groove,psychedelic,1
groove,dark,1
groove,gothic,1
groove,post-metal,2
groove,various,1
groove,pop,1
deathcore,melodic,38
deathcore,metalcore,14
deathcore,death,129
deathcore,black,9
deathcore,progressive,22
deathcore,brutal,22
deathcore,groove,6
deathcore,technical,28
deathcore,folk,1
deathcore,thrash,9
deathcore,grindcore,7
deathcore,post-rock,1
deathcore,djent,3
deathcore,symphonic,7
deathcore,hardcore,2
deathcore,atmospheric,2
deathcore,doom,1
deathcore,experimental,1
deathcore,blackened,4
deathcore,crust,1
power,progressive,235
power,heavy,421
power,melodic,184
power,speed,77
power,symphonic,102
power,gothic,25
power,thrash,202
power,epic,19
power,hard,26
power,rock,39
power,neoclassical,18
power,folk,24
power,death,60
power,black,13
power,shred,11
power,industrial,2
power,alternative,6
power,groove,6
power,metalcore,5
power,noise,1
power,electronics,1
power,pop,2
power,electronic,3
power,technical,4
power,doom,8
power,dark,2
power,blackened,2
power,shoegaze,2
power,extreme,1
power,viking,2
power,avant-garde,1
power,aor,2
power,post-rock,1
power,blues,1
power,fusion,1
power,eastern,1
power,grindcore,1
power,a,1
power,cappella,1
power,ethnic,1
power,music,1
power,ambient,1
progressive,power,235
progressive,thrash,157
progressive,heavy,159
progressive,rock,186
progressive,crossover,1
progressive,speed,9
progressive,shred,43
progressive,gothic,56
progressive,death,407
progressive,black,91
progressive,melodic,122
progressive,middle,4
progressive,eastern,4
progressive,folk,25
progressive,symphonic,53
progressive,ambient,11
progressive,deathcore,22
progressive,avant-garde,21
progressive,psychedelic,8
progressive,doom,83
progressive,stoner,21
progressive,jazz,5
progressive,fusion,13
progressive,epic,2
progressive,metalcore,34
progressive,post-hardcore,3
progressive,alternative,6
progressive,hard,19
progressive,technical,43
progressive,atmospheric,24
progressive,experimental,26
progressive,electronic,3
progressive,groove,42
progressive,extreme,18
progressive,sludge,31
progressive,blackened,7
progressive,classical,5
progressive,neoclassical,8
progressive,art,1
progressive,grindcore,5
progressive,post-metal,14
progressive,dark,10
progressive,brutal,7
progressive,post-rock,4
progressive,djent,4
progressive,middle-eastern,1
progressive,drone,1
progressive,jazzy,1
progressive,operatic,1
progressive,celtic,1
progressive,electronica,1
progressive,aor,1
progressive,acoustic,1
progressive,industrial,10
progressive,post-doom,1
progressive,hardcore,1
progressive,funeral,1
progressive,orchestral,1
progressive,mathcore,1
progressive,post-black,2
progressive,jazz-fusion,1
progressive,nwobhm,1
progressive,punk,1
progressive,oriental,1
progressive,pagan,1
heavy,power,421
heavy,atmospheric,4
heavy,doom,81
heavy,shred,35
heavy,progressive,159
heavy,thrash,375
heavy,melodic,270
heavy,speed,113
heavy,pop,9
heavy,rock,485
heavy,crossover,16
heavy,folk,27
heavy,hard,408
heavy,metalcore,11
heavy,stoner,37
heavy,nwobhm,17
heavy,groove,52
heavy,death,42
heavy,neoclassical,17
heavy,epic,27
heavy,alternative,11
heavy,southern,7
heavy,glam,8
heavy,punk,27
heavy,symphonic,25
heavy,gothic,34
heavy,industrial,5
heavy,blackened,6
heavy,various,1
heavy,black,32
heavy,psychedelic,7
heavy,funk,2
heavy,sludge,6
heavy,crustcore,1
heavy,drone,1
heavy,dark,3
heavy,blues,1
heavy,hardcore,7
heavy,operatic,1
heavy,grindcore,1
heavy,opera,1
heavy,classical,1
heavy,new,1
heavy,wave,1
heavy,avant-garde,2
heavy,grunge,3
heavy,fusion,1
heavy,rac,3
heavy,pagan,2
heavy,experimental,2
heavy,'n',1
heavy,roll,1
heavy,nu-metal,2
heavy,crust,1
heavy,eastern,1
heavy,ambient,1
heavy,viking,2
heavy,goregrind,1
heavy,aor,2
heavy,oi!,1
heavy,techno,1
heavy,deathrock,1
heavy,technical,1
heavy,latin,1
hardcore,death,69
hardcore,groove,15
hardcore,thrash,114
hardcore,brutal,2
hardcore,grindcore,11
hardcore,doom,8
hardcore,sludge,17
hardcore,black,13
hardcore,crust,6
hardcore,crossover,27
hardcore,punk,39
hardcore,raw,1
hardcore,experimental,4
hardcore,alternative,2
hardcore,avant-garde,1
hardcore,post-hardcore,1
hardcore,speed,3
hardcore,stoner,3
hardcore,deathcore,2
hardcore,powerviolence,1
hardcore,heavy,7
hardcore,melodic,7
hardcore,metalcore,6
hardcore,technical,1
hardcore,progressive,1
hardcore,thrashcore,2
hardcore,post-black,2
hardcore,post-rock,1
hardcore,post-metal,1
hardcore,blackened,1
hardcore,nu-metal,1
hardcore,hard,1
hardcore,rock,1
hardcore,latin,1
sludge,doom,229
sludge,post-metal,42
sludge,death,34
sludge,stoner,77
sludge,rock,11
sludge,noisecore,1
sludge,groove,19
sludge,alternative,1
sludge,grindcore,10
sludge,drone,22
sludge,industrial,2
sludge,ambient,5
sludge,noise,7
sludge,southern,8
sludge,atmospheric,28
sludge,hardcore,17
sludge,black,17
sludge,electronic,2
sludge,progressive,31
sludge,post-black,3
sludge,blackened,10
sludge,crust,12
sludge,post-rock,6
sludge,punk,10
sludge,thrash,16
sludge,crossover,4
sludge,funeral,5
sludge,'n',2
sludge,roll,2
sludge,metalcore,6
sludge,powerviolence,3
sludge,heavy,6
sludge,experimental,8
sludge,epic,1
sludge,post-hardcore,7
sludge,melodic,5
sludge,psychedelic,7
sludge,raw,1
sludge,technical,1
sludge,avant-garde,2
sludge,mathcore,1
brutal,death,520
brutal,grindcore,95
brutal,hardcore,2
brutal,goregrind,22
brutal,deathcore,22
brutal,technical,31
brutal,groove,3
brutal,thrash,6
brutal,experimental,3
brutal,black,11
brutal,progressive,7
brutal,metalcore,3
brutal,industrial,2
brutal,doom,2
brutal,trip,1
brutal,hop,1
brutal,nu-metal,1
brutal,blackened,1
brutal,crossover,1
brutal,punk,1
brutal,symphonic,1
brutal,melodic,2
atmospheric,heavy,4
atmospheric,doom,78
atmospheric,depressive,15
atmospheric,black,260
atmospheric,gothic,12
atmospheric,ambient,31
atmospheric,death,65
atmospheric,post-black,15
atmospheric,post-metal,15
atmospheric,experimental,1
atmospheric,progressive,24
atmospheric,sludge,28
atmospheric,stoner,1
atmospheric,industrial,1
atmospheric,folk,17
atmospheric,melodic,13
atmospheric,post-rock,7
atmospheric,raw,7
atmospheric,pagan,3
atmospheric,rock,8
atmospheric,avant-garde,6
atmospheric,shoegaze,2
atmospheric,dark,8
atmospheric,darkwave,1
atmospheric,trance,1
atmospheric,drone,2
atmospheric,funeral,3
atmospheric,blackened,1
atmospheric,deathcore,2
atmospheric,symphonic,6
atmospheric,dungeon,3
atmospheric,synth,3
atmospheric,epic,6
atmospheric,classical,1
atmospheric,crust,2
atmospheric,acoustic,1
atmospheric,noise,2
atmospheric,extreme,1
atmospheric,technical,2
atmospheric,djent,1
atmospheric,speed,1
atmospheric,post-hardcore,3
atmospheric,punk,1
atmospheric,electronic,1
atmospheric,neofolk,1
post-metal,sludge,42
post-metal,post-rock,5
post-metal,atmospheric,15
post-metal,progressive,14
post-metal,blackened,2
post-metal,doom,15
post-metal,psychedelic,1
post-metal,melodic,1
post-metal,black,7
post-metal,drone,2
post-metal,electronic,1
post-metal,folk,2
post-metal,shoegaze,3
post-metal,rock,9
post-metal,ambient,3
post-metal,death,1
post-metal,stoner,3
post-metal,gothic,1
post-metal,crust,1
post-metal,groove,2
post-metal,mathcore,1
post-metal,experimental,1
post-metal,punk,1
post-metal,hardcore,1
post-metal,funeral,1
post-metal,post-black,1
pagan,black,162
pagan,folk,27
pagan,doom,7
pagan,ambient,11
pagan,atmospheric,3
pagan,raw,1
pagan,melodic,8
pagan,death,13
pagan,neofolk,1
pagan,blackened,1
pagan,viking,5
pagan,symphonic,2
pagan,rock,1
pagan,rac,3
pagan,thrash,5
pagan,heavy,2
pagan,epic,4
pagan,gothic,1
pagan,various,1
pagan,progressive,1
avant-garde,black,41
avant-garde,doom,15
avant-garde,death,22
avant-garde,thrash,4
avant-garde,groove,3
avant-garde,electronic,4
avant-garde,progressive,21
avant-garde,symphonic,3
avant-garde,gothic,7
avant-garde,grindcore,2
avant-garde,industrial,3
avant-garde,experimental,4
avant-garde,fusion,1
avant-garde,technical,2
avant-garde,atmospheric,6
avant-garde,melodic,2
avant-garde,hardcore,1
avant-garde,punk,1
avant-garde,alternative,2
avant-garde,post-hardcore,1
avant-garde,folk,2
avant-garde,'n',1
avant-garde,roll,1
avant-garde,dark,1
avant-garde,ambient,2
avant-garde,heavy,2
avant-garde,power,1
avant-garde,post-black,1
avant-garde,extreme,2
avant-garde,sludge,2
avant-garde,various,1
avant-garde,operatic,1
avant-garde,stoner,1
avant-garde,rock,2
avant-garde,funeral,1
avant-garde,cybergrind,1
avant-garde,electronica,2
avant-garde,post-rock,1
avant-garde,epic,1
raw,black,203
raw,experimental,3
raw,noise,14
raw,ambient,15
raw,harsh,1
raw,punk,3
raw,hardcore,1
raw,atmospheric,7
raw,dark,2
raw,pagan,1
raw,viking,1
raw,post-black,2
raw,sludge,1
raw,death,7
raw,industrial,4
raw,funeral,1
raw,doom,2
raw,folk,2
raw,melodic,2
raw,rock,1
raw,thrash,1
noise,black,43
noise,ambient,10
noise,experimental,7
noise,raw,14
noise,death,12
noise,grindcore,8
noise,sludge,7
noise,drone,2
noise,doom,12
noise,industrial,4
noise,harsh,1
noise,power,1
noise,electronics,1
noise,dark,2
noise,blackened,2
noise,atmospheric,2
noise,rock,2
noise,crossover,1
noise,folk,1
noise,electronic,1
noise,metalcore,1
noise,funeral,1
shred,heavy,35
shred,progressive,43
shred,power,11
shred,melodic,2
shred,neoclassical,13
shred,fusion,4
shred,rock,19
shred,symphonic,1
shred,hard,6
shred,alternative,1
shred,acoustic,1
shred,folk,2
shred,thrash,3
shred,speed,2
shred,death,1
shred,oriental,1
shred,technical,2
post-black,shoegaze,11
post-black,crust,3
post-black,atmospheric,15
post-black,black,4
post-black,sludge,3
post-black,depressive,11
post-black,rock,4
post-black,ambient,2
post-black,doom,3
post-black,experimental,2
post-black,raw,2
post-black,post-rock,4
post-black,death,2
post-black,avant-garde,1
post-black,drone,1
post-black,grindcore,1
post-black,hardcore,2
post-black,progressive,2
post-black,symphonic,1
post-black,indie,1
post-black,post-hardcore,1
post-black,dark,1
post-black,folk,1
post-black,metalcore,1
post-black,post-metal,1
shoegaze,post-black,11
shoegaze,black,15
shoegaze,post-rock,6
shoegaze,post-punk,1
shoegaze,atmospheric,2
shoegaze,post-metal,3
shoegaze,power,2
shoegaze,melodic,1
shoegaze,death,1
shoegaze,blackened,1
shoegaze,depressive,3
shoegaze,drone,1
shoegaze,doom,1
shoegaze,grindcore,1
shoegaze,experimental,2
shoegaze,crust,1
shoegaze,rock,2
funk,thrash,4
funk,groove,2
funk,heavy,2
funk,hard,2
funk,rock,2
funk,doom,1
funk,death,1
crossover,thrash,266
crossover,thrashcore,1
crossover,progressive,1
crossover,rock,3
crossover,heavy,16
crossover,death,17
crossover,groove,11
crossover,doom,2
crossover,hardcore,27
crossover,punk,23
crossover,crust,2
crossover,sludge,4
crossover,rac,4
crossover,speed,5
crossover,blackened,2
crossover,technical,1
crossover,grindcore,6
crossover,noise,1
crossover,brutal,1
crossover,nu-metal,1
crossover,metalcore,1
crossover,electronic,1
crossover,experimental,2
crossover,black,1
thrashcore,thrash,2
thrashcore,crossover,1
thrashcore,industrial,1
thrashcore,hardcore,2
thrashcore,punk,1
thrashcore,grindcore,1
thrashcore,experimental,1
rock,progressive,186
rock,crossover,3
rock,heavy,485
rock,pop,16
rock,celtic,1
rock,folk,16
rock,hard,459
rock,melodic,94
rock,gothic,57
rock,stoner,84
rock,sludge,11
rock,doom,78
rock,power,39
rock,thrash,27
rock,groove,19
rock,psychedelic,35
rock,death,40
rock,alternative,21
rock,glam,5
rock,electronic,6
rock,industrial,8
rock,punk,15
rock,blackened,2
rock,art,1
rock,symphonic,15
rock,black,21
rock,'n',2
rock,roll,2
rock,grindcore,2
rock,grunge,4
rock,post-punk,1
rock,depressive,8
rock,speed,8
rock,metalcore,6
rock,post-black,4
rock,dark,2
rock,southern,15
rock,atmospheric,8
rock,funk,2
rock,post-metal,9
rock,neoclassical,6
rock,shred,19
rock,blues,3
rock,jazzy,1
rock,ambient,8
rock,pagan,1
rock,classical,2
rock,new,1
rock,wave,1
rock,fusion,3
rock,neofolk,1
rock,rac,2
rock,oi!,1
rock,experimental,8
rock,nwobhm,2
rock,noise,2
rock,drone,1
rock,space,1
rock,raw,1
rock,indie,1
rock,avant-garde,2
rock,viking,1
rock,technical,1
rock,goregrind,1
rock,aor,3
rock,jazz,1
rock,techno,1
rock,shoegaze,2
rock,medieval,1
rock,hardcore,1
rock,latin,1
speed,heavy,113
speed,progressive,9
speed,power,77
speed,black,29
speed,thrash,172
speed,epic,3
speed,melodic,16
speed,technical,2
speed,groove,2
speed,gothic,1
speed,pop,1
speed,rock,8
speed,neoclassical,3
speed,hardcore,3
speed,crossover,5
speed,synthwave,1
speed,death,6
speed,viking,1
speed,nwobhm,4
speed,punk,7
speed,hard,4
speed,atmospheric,1
speed,shred,2
speed,glam,1
blackened,death,92
blackened,thrash,19
blackened,grindcore,6
blackened,'n',1
blackened,roll,1
blackened,progressive,7
blackened,rock,2
blackened,melodic,11
blackened,folk,3
blackened,heavy,6
blackened,doom,20
blackened,drone,1
blackened,crust,4
blackened,sludge,10
blackened,symphonic,6
blackened,post-metal,2
blackened,black,5
blackened,ambient,3
blackened,industrial,2
blackened,gothic,6
blackened,power,2
blackened,shoegaze,1
blackened,pagan,1
blackened,epic,2
blackened,crossover,2
blackened,atmospheric,1
blackened,experimental,1
blackened,metalcore,3
blackened,groove,1
blackened,brutal,1
blackened,noise,2
blackened,electronic,1
blackened,deathcore,4
blackened,hardcore,1
blackened,deathrock,1
blackened,stoner,1
crust,death,34
crust,thrash,24
crust,punk,31
crust,post-black,3
crust,epic,1
crust,doom,18
crust,black,45
crust,hardcore,6
crust,blackened,4
crust,sludge,12
crust,crossover,2
crust,grindcore,14
crust,drone,4
crust,dark,1
crust,ambient,1
crust,gothic,1
crust,melodic,2
crust,post-metal,1
crust,atmospheric,2
crust,heavy,1
crust,shoegaze,1
crust,deathcore,1
punk,death,29
punk,thrash,63
punk,crust,31
punk,black,50
punk,heavy,27
punk,rock,15
punk,crossover,23
punk,hardcore,39
punk,ambient,1
punk,grindcore,12
punk,raw,3
punk,doom,9
punk,sludge,10
punk,hard,3
punk,horror,1
punk,rac,2
punk,alternative,1
punk,avant-garde,1
punk,experimental,2
punk,post-hardcore,1
punk,crustcore,1
punk,melodic,2
punk,thrashcore,1
punk,speed,7
punk,brutal,1
punk,post-metal,1
punk,atmospheric,1
punk,nwobhm,1
punk,progressive,1
punk,nu-metal,1
punk,ska,1
punk,gothic,1
punk,metalcore,1
punk,southern,1
pop,heavy,9
pop,rock,16
pop,hard,6
pop,power,2
pop,speed,1
pop,gothic,1
pop,new,1
pop,wave,1
pop,psychedelic,2
pop,melodic,2
pop,groove,1
pop,experimental,1
pop,glam,1
depressive,atmospheric,15
depressive,black,153
depressive,ambient,14
depressive,post-black,11
depressive,post-punk,1
depressive,rock,8
depressive,dark,2
depressive,post-rock,2
depressive,shoegaze,3
depressive,melodic,2
depressive,funeral,2
depressive,doom,8
depressive,experimental,2
depressive,death,2
depressive,gothic,2
depressive,epic,1
depressive,symphonic,3
depressive,drone,1
celtic,folk,6
celtic,rock,1
celtic,black,2
celtic,progressive,1
folk,celtic,6
folk,rock,16
folk,heavy,27
folk,hard,2
folk,melodic,41
folk,black,156
folk,pagan,27
folk,doom,25
folk,gothic,26
folk,death,54
folk,progressive,25
folk,symphonic,21
folk,epic,11
folk,power,24
folk,psychedelic,1
folk,ambient,22
folk,dark,7
folk,blackened,3
folk,atmospheric,17
folk,deathcore,1
folk,metalcore,4
folk,neoclassical,2
folk,viking,16
folk,medieval,4
folk,middle-eastern,2
folk,post-metal,2
folk,avant-garde,2
folk,middle,4
folk,eastern,5
folk,grindcore,1
folk,experimental,6
folk,acoustic,3
folk,raw,2
folk,funeral,1
folk,shred,2
folk,oi!,1
folk,rac,1
folk,industrial,2
folk,thrash,9
folk,drone,1
folk,darkwave,1
folk,dungeon,1
folk,synth,1
folk,noise,1
folk,post-rock,1
folk,post-black,1
folk,various,1
folk,classical,1
folk,electronica,1
grindcore,death,572
grindcore,brutal,95
grindcore,stoner,1
grindcore,thrash,50
grindcore,metalcore,9
grindcore,black,55
grindcore,blackened,6
grindcore,sludge,10
grindcore,noise,8
grindcore,'n',3
grindcore,roll,3
grindcore,hardcore,11
grindcore,industrial,12
grindcore,avant-garde,2
grindcore,technical,15
grindcore,groove,4
grindcore,experimental,12
grindcore,melodic,5
grindcore,progressive,5
grindcore,rock,2
grindcore,punk,12
grindcore,goregrind,3
grindcore,powerviolence,4
grindcore,deathcore,7
grindcore,crust,14
grindcore,various,1
grindcore,drone,1
grindcore,doom,7
grindcore,symphonic,2
grindcore,folk,1
grindcore,heavy,1
grindcore,jazz,1
grindcore,crossover,6
grindcore,thrashcore,1
grindcore,ambient,1
grindcore,post-black,1
grindcore,shoegaze,1
grindcore,power,1
grindcore,bossa,1
grindcore,nova,1
hard,heavy,408
hard,folk,2
hard,rock,459
hard,melodic,63
hard,power,26
hard,thrash,13
hard,groove,6
hard,progressive,19
hard,gothic,2
hard,pop,6
hard,doom,16
hard,psychedelic,7
hard,punk,3
hard,stoner,10
hard,death,5
hard,metalcore,4
hard,funk,2
hard,blues,1
hard,southern,3
hard,neoclassical,2
hard,shred,6
hard,alternative,1
hard,new,1
hard,wave,1
hard,grunge,1
hard,symphonic,2
hard,electronic,1
hard,oi!,1
hard,rac,1
hard,nwobhm,2
hard,speed,4
hard,fusion,1
hard,glam,3
hard,aor,3
hard,techno,1
hard,hardcore,1
hard,latin,1
nwobhm,heavy,17
nwobhm,speed,4
nwobhm,hard,2
nwobhm,rock,2
nwobhm,progressive,1
nwobhm,punk,1
nwobhm,doom,1
dark,black,63
dark,doom,15
dark,melodic,14
dark,death,10
dark,ambient,61
dark,folk,7
dark,gothic,9
dark,electronic,2
dark,medieval,1
dark,experimental,3
dark,progressive,10
dark,rock,2
dark,depressive,2
dark,raw,2
dark,crust,1
dark,drone,3
dark,atmospheric,8
dark,heavy,3
dark,power,2
dark,avant-garde,1
dark,noise,2
dark,funeral,2
dark,neofolk,3
dark,industrial,7
dark,thrash,3
dark,gothiс,1
dark,acoustic,2
dark,groove,1
dark,neoclassical,1
dark,extreme,1
dark,post-black,1
dark,symphonic,1
experimental,doom,23
experimental,death,64
experimental,raw,3
experimental,black,73
experimental,noise,7
experimental,melodic,9
experimental,atmospheric,1
experimental,progressive,26
experimental,symphonic,5
experimental,ambient,13
experimental,electronica,1
experimental,classical,1
experimental,thrash,14
experimental,grindcore,12
experimental,technical,4
experimental,brutal,3
experimental,dark,3
experimental,avant-garde,4
experimental,various,1
experimental,extreme,3
experimental,groove,5
experimental,hardcore,4
experimental,industrial,6
experimental,punk,2
experimental,alternative,1
experimental,post-hardcore,1
experimental,sludge,8
experimental,stoner,3
experimental,drone,3
experimental,funeral,2
experimental,epic,1
experimental,folk,6
experimental,post-black,2
experimental,blackened,1
experimental,trip,1
experimental,hop,1
experimental,deathcore,1
experimental,heavy,2
experimental,rock,8
experimental,neoclassical,1
experimental,depressive,2
experimental,thrashcore,1
experimental,shoegaze,2
experimental,post-rock,1
experimental,post-metal,1
experimental,electronic,2
experimental,psychedelic,3
experimental,pop,1
experimental,post-punk,1
experimental,crossover,2
experimental,jazz,1
drone,doom,67
drone,black,17
drone,sludge,22
drone,industrial,2
drone,ambient,16
drone,noise,2
drone,blackened,1
drone,post-metal,2
drone,electronic,1
drone,post-rock,4
drone,crust,4
drone,dark,3
drone,grindcore,1
drone,heavy,1
drone,atmospheric,2
drone,stoner,3
drone,progressive,1
drone,experimental,3
drone,funeral,6
drone,melodic,1
drone,fusion,1
drone,shoegaze,1
drone,thrash,1
drone,folk,1
drone,post-black,1
drone,rock,1
drone,death,4
drone,psychedelic,1
drone,depressive,1
noisecore,sludge,1
post-rock,post-metal,5
post-rock,black,7
post-rock,shoegaze,6
post-rock,sludge,6
post-rock,doom,14
post-rock,atmospheric,7
post-rock,progressive,4
post-rock,death,3
post-rock,deathcore,1
post-rock,djent,1
post-rock,drone,4
post-rock,electronic,1
post-rock,depressive,2
post-rock,melodic,1
post-rock,funeral,1
post-rock,ambient,1
post-rock,post-black,4
post-rock,power,1
post-rock,thrash,1
post-rock,hardcore,1
post-rock,experimental,1
post-rock,folk,1
post-rock,industrial,1
post-rock,electronica,1
post-rock,psychedelic,1
post-rock,avant-garde,1
epic,doom,18
epic,power,19
epic,speed,3
epic,symphonic,9
epic,folk,11
epic,black,45
epic,heavy,27
epic,progressive,2
epic,crust,1
epic,thrash,3
epic,death,9
epic,melodic,4
epic,acoustic,1
epic,metalcore,1
epic,medieval,1
epic,blackened,2
epic,sludge,1
epic,experimental,1
epic,viking,2
epic,atmospheric,6
epic,pagan,4
epic,gothic,3
epic,depressive,1
epic,darkwave,1
epic,ambient,1
epic,avant-garde,1
middle,progressive,4
middle,eastern,12
middle,thrash,1
middle,melodic,1
middle,death,3
middle,folk,4
middle,gothic,1
middle,egyptian,1
middle,ambient,1
middle,doom,1
middle,industrial,1
middle,black,3
middle,symphonic,1
eastern,progressive,4
eastern,middle,12
eastern,thrash,1
eastern,melodic,1
eastern,death,3
eastern,folk,5
eastern,gothic,1
eastern,egyptian,1
eastern,ambient,1
eastern,doom,1
eastern,industrial,1
eastern,black,3
eastern,heavy,1
eastern,power,1
eastern,symphonic,1
electronic,avant-garde,4
electronic,groove,5
electronic,progressive,3
electronic,death,11
electronic,thrash,4
electronic,industrial,13
electronic,rock,6
electronic,black,13
electronic,sludge,2
electronic,doom,5
electronic,gothic,3
electronic,darkwave,1
electronic,dark,2
electronic,ambient,5
electronic,symphonic,5
electronic,power,3
electronic,drone,1
electronic,post-metal,1
electronic,post-rock,1
electronic,melodic,1
electronic,hard,1
electronic,blackened,1
electronic,noise,1
electronic,experimental,2
electronic,cybergrind,1
electronic,alternative,1
electronic,atmospheric,1
electronic,crossover,1
electronic,goregrind,1
extreme,gothic,7
extreme,progressive,18
extreme,experimental,3
extreme,symphonic,7
extreme,power,1
extreme,death,2
extreme,thrash,1
extreme,avant-garde,2
extreme,atmospheric,1
extreme,dark,1
extreme,black,4
extreme,doom,1
extreme,industrial,2
extreme,melodic,1
funeral,black,28
funeral,doom,113
funeral,death,18
funeral,stoner,1
funeral,sludge,5
funeral,ambient,8
funeral,atmospheric,3
funeral,experimental,2
funeral,drone,6
funeral,melodic,1
funeral,post-rock,1
funeral,industrial,3
funeral,raw,1
funeral,dark,2
funeral,folk,1
funeral,depressive,2
funeral,neoclassical,1
funeral,progressive,1
funeral,post-metal,1
funeral,avant-garde,1
funeral,noise,1
southern,stoner,14
southern,heavy,7
southern,thrash,7
southern,groove,13
southern,sludge,8
southern,rock,15
southern,death,1
southern,hard,3
southern,doom,2
southern,metalcore,3
southern,punk,1
southern,grunge,1
industrial,symphonic,9
industrial,black,62
industrial,gothic,26
industrial,electronic,13
industrial,rock,8
industrial,death,77
industrial,sludge,2
industrial,drone,2
industrial,doom,17
industrial,ambient,9
industrial,noise,4
industrial,darkwave,1
industrial,grindcore,12
industrial,avant-garde,3
industrial,heavy,5
industrial,power,2
industrial,thrash,29
industrial,groove,22
industrial,melodic,13
industrial,alternative,5
industrial,atmospheric,1
industrial,blackened,2
industrial,technical,1
industrial,experimental,6
industrial,metalcore,3
industrial,brutal,2
industrial,thrashcore,1
industrial,raw,4
industrial,funeral,3
industrial,nu-metal,2
industrial,dark,7
industrial,ebm,2
industrial,progressive,10
industrial,folk,2
industrial,electro,1
industrial,middle,1
industrial,eastern,1
industrial,martial,1
industrial,post-rock,1
industrial,electronica,1
industrial,cybergrind,1
industrial,extreme,2
psychedelic,progressive,8
psychedelic,doom,51
psychedelic,stoner,22
psychedelic,rock,35
psychedelic,folk,1
psychedelic,black,7
psychedelic,heavy,7
psychedelic,hard,7
psychedelic,death,5
psychedelic,post-metal,1
psychedelic,thrash,2
psychedelic,sludge,7
psychedelic,gothic,1
psychedelic,blues,1
psychedelic,groove,1
psychedelic,space,1
psychedelic,experimental,3
psychedelic,drone,1
psychedelic,post-rock,1
psychedelic,pop,2
psychedelic,glam,1
neoclassical,heavy,17
neoclassical,power,18
neoclassical,progressive,8
neoclassical,black,4
neoclassical,folk,2
neoclassical,shred,13
neoclassical,speed,3
neoclassical,darkwave,1
neoclassical,ambient,5
neoclassical,doom,2
neoclassical,rock,6
neoclassical,hard,2
neoclassical,fusion,2
neoclassical,funeral,1
neoclassical,death,4
neoclassical,experimental,1
neoclassical,dark,1
neoclassical,blues,1
neoclassical,melodic,1
rac,melodic,1
rac,groove,1
rac,thrash,8
rac,crossover,4
rac,punk,2
rac,pagan,3
rac,death,2
rac,black,5
rac,rock,2
rac,heavy,3
rac,hard,1
rac,oi!,3
rac,gothic,1
rac,folk,1
jazz,progressive,5
jazz,death,7
jazz,fusion,4
jazz,thrash,3
jazz,latin,1
jazz,grindcore,1
jazz,melodic,1
jazz,rock,1
jazz,experimental,1
jazz,black,1
fusion,progressive,13
fusion,death,5
fusion,jazz,4
fusion,shred,4
fusion,avant-garde,1
fusion,drone,1
fusion,doom,1
fusion,neoclassical,2
fusion,rock,3
fusion,heavy,1
fusion,technical,1
fusion,blues,1
fusion,power,1
fusion,hard,1
fusion,thrash,2
fusion,black,1
goregrind,brutal,22
goregrind,death,42
goregrind,grindcore,3
goregrind,cybergrind,1
goregrind,black,1
goregrind,heavy,1
goregrind,rock,1
goregrind,technical,2
goregrind,neofolk,1
goregrind,electronic,1
alternative,grunge,2
alternative,melodic,4
alternative,death,6
alternative,progressive,6
alternative,heavy,11
alternative,rock,21
alternative,sludge,1
alternative,power,6
alternative,industrial,5
alternative,thrash,8
alternative,doom,4
alternative,metalcore,1
alternative,gothic,4
alternative,hardcore,2
alternative,punk,1
alternative,avant-garde,2
alternative,experimental,1
alternative,post-hardcore,1
alternative,groove,5
alternative,hard,1
alternative,shred,1
alternative,stoner,3
alternative,symphonic,1
alternative,electronic,1
grunge,alternative,2
grunge,doom,4
grunge,rock,4
grunge,stoner,1
grunge,heavy,3
grunge,thrash,4
grunge,hard,1
grunge,black,1
grunge,death,1
grunge,southern,1
post-hardcore,progressive,3
post-hardcore,hardcore,1
post-hardcore,punk,1
post-hardcore,alternative,1
post-hardcore,avant-garde,1
post-hardcore,experimental,1
post-hardcore,sludge,7
post-hardcore,doom,1
post-hardcore,atmospheric,3
post-hardcore,post-black,1
post-hardcore,thrash,1
'n',death,29
'n',roll,28
'n',blackened,1
'n',grindcore,3
'n',rock,2
'n',thrash,3
'n',sludge,2
'n',black,5
'n',doom,2
'n',avant-garde,1
'n',grind,2
'n',heavy,1
roll,death,29
roll,'n',28
roll,blackened,1
roll,grindcore,3
roll,rock,2
roll,thrash,3
roll,sludge,2
roll,black,5
roll,doom,2
roll,avant-garde,1
roll,grind,2
roll,heavy,1
glam,heavy,8
glam,rock,5
glam,groove,2
glam,hard,3
glam,speed,1
glam,psychedelic,1
glam,pop,1
medieval,death,1
medieval,black,6
medieval,dark,1
medieval,ambient,1
medieval,folk,4
medieval,epic,1
medieval,melodic,2
medieval,doom,1
medieval,gothic,2
medieval,rock,1
neofolk,doom,3
neofolk,death,2
neofolk,pagan,1
neofolk,black,7
neofolk,rock,1
neofolk,dark,3
neofolk,ambient,2
neofolk,acoustic,1
neofolk,viking,1
neofolk,goregrind,1
neofolk,atmospheric,1
viking,thrash,5
viking,black,36
viking,death,25
viking,folk,16
viking,melodic,16
viking,pagan,5
viking,raw,1
viking,epic,2
viking,power,2
viking,speed,1
viking,gothic,2
viking,doom,1
viking,ambient,1
viking,heavy,2
viking,rock,1
viking,metalcore,1
viking,neofolk,1
darkwave,gothic,6
darkwave,industrial,1
darkwave,electronic,1
darkwave,world,1
darkwave,music,1
darkwave,neoclassical,1
darkwave,atmospheric,1
darkwave,black,2
darkwave,folk,1
darkwave,ambient,1
darkwave,epic,1
electronica,experimental,1
electronica,black,3
electronica,ambient,3
electronica,progressive,1
electronica,industrial,1
electronica,post-rock,1
electronica,folk,1
electronica,avant-garde,2
world,gothic,1
world,darkwave,1
world,music,1
music,gothic,1
music,darkwave,1
music,world,1
music,symphonic,1
music,power,1
music,ethnic,1
harsh,raw,1
harsh,black,1
harsh,noise,1
classical,progressive,5
classical,experimental,1
classical,death,2
classical,heavy,1
classical,symphonic,2
classical,ambient,1
classical,atmospheric,1
classical,rock,2
classical,orchestral,1
classical,gothic,2
classical,melodic,1
classical,folk,1
acoustic,melodic,1
acoustic,epic,1
acoustic,black,5
acoustic,folk,3
acoustic,symphonic,1
acoustic,progressive,1
acoustic,shred,1
acoustic,dark,2
acoustic,neofolk,1
acoustic,atmospheric,1
acoustic,doom,1
acoustic,ambient,2
art,progressive,1
art,rock,1
various,heavy,1
various,experimental,1
various,death,3
various,grindcore,1
various,avant-garde,1
various,pagan,1
various,folk,1
various,black,1
various,groove,1
latin,thrash,2
latin,death,1
latin,jazz,1
latin,heavy,1
latin,hardcore,1
latin,hard,1
latin,rock,1
electronics,death,1
electronics,black,1
electronics,noise,1
electronics,power,1
post-punk,black,3
post-punk,depressive,1
post-punk,rock,1
post-punk,shoegaze,1
post-punk,experimental,1
powerviolence,grindcore,4
powerviolence,sludge,3
powerviolence,death,2
powerviolence,metalcore,1
powerviolence,black,1
powerviolence,hardcore,1
powerviolence,doom,1
horror,punk,1
horror,death,1
djent,post-rock,1
djent,progressive,4
djent,death,2
djent,deathcore,3
djent,technical,1
djent,atmospheric,1
djent,doom,1
djent,symphonic,1
djent,black,1
middle-eastern,symphonic,1
middle-eastern,progressive,1
middle-eastern,folk,2
middle-eastern,gothic,1
middle-eastern,doom,1
-,ambient,1
-,black,1
-,gothic,1
crustcore,thrash,4
crustcore,heavy,1
crustcore,punk,1
crustcore,melodic,1
crustcore,death,1
synthwave,black,1
synthwave,speed,1
trance,atmospheric,1
trance,black,1
trance,ambient,1
breakcore,doom,1
breakcore,death,1
blues,hard,1
blues,rock,3
blues,heavy,1
blues,stoner,1
blues,psychedelic,1
blues,neoclassical,1
blues,fusion,1
blues,power,1
jazzy,progressive,1
jazzy,rock,1
operatic,progressive,1
operatic,symphonic,1
operatic,heavy,1
operatic,avant-garde,1
grind,death,1
grind,'n',2
grind,roll,2
dungeon,atmospheric,3
dungeon,black,3
dungeon,synth,3
dungeon,ambient,1
dungeon,folk,1
synth,atmospheric,3
synth,black,3
synth,dungeon,3
synth,ambient,1
synth,folk,1
opera,symphonic,1
opera,heavy,1
trip,technical,1
trip,brutal,1
trip,death,1
trip,experimental,1
trip,hop,1
hop,technical,1
hop,brutal,1
hop,death,1
hop,experimental,1
hop,trip,1
new,pop,1
new,wave,1
new,heavy,1
new,hard,1
new,rock,1
wave,pop,1
wave,new,1
wave,heavy,1
wave,hard,1
wave,rock,1
nu-metal,groove,5
nu-metal,brutal,1
nu-metal,death,3
nu-metal,industrial,2
nu-metal,heavy,2
nu-metal,hardcore,1
nu-metal,punk,1
nu-metal,thrash,4
nu-metal,crossover,1
nu-metal,melodic,1
cybergrind,goregrind,1
cybergrind,black,1
cybergrind,avant-garde,1
cybergrind,industrial,1
cybergrind,death,1
cybergrind,electronic,1
ebm,industrial,2
ebm,black,1
ebm,electro,1
aor,power,2
aor,progressive,1
aor,heavy,2
aor,hard,3
aor,rock,3
aor,melodic,1
core,thrash,1
gothiс,doom,1
gothiс,dark,1
oi!,hard,1
oi!,rock,1
oi!,rac,3
oi!,gothic,1
oi!,folk,1
oi!,black,1
oi!,heavy,1
post-doom,progressive,1
post-doom,death,1
egyptian,middle,1
egyptian,eastern,1
egyptian,ambient,1
electro,ebm,1
electro,industrial,1
space,psychedelic,1
space,doom,1
space,rock,1
orchestral,progressive,1
orchestral,death,1
orchestral,classical,1
orchestral,symphonic,1
mathcore,progressive,1
mathcore,sludge,1
mathcore,post-metal,1
mathcore,technical,2
mathcore,death,2
indie,symphonic,1
indie,post-black,1
indie,rock,1
psychobilly,death,1
psychobilly,black,1
jazz-fusion,progressive,1
a,power,1
a,cappella,1
cappella,power,1
cappella,a,1
ska,thrash,1
ska,punk,1
martial,industrial,1
martial,ambient,1
bossa,death,1
bossa,grindcore,1
bossa,nova,1
nova,death,1
nova,grindcore,1
nova,bossa,1
post-,doom,1
oriental,progressive,1
oriental,shred,1
techno,heavy,1
techno,hard,1
techno,rock,1
deathrock,blackened,1
deathrock,doom,1
deathrock,heavy,1
ethnic,symphonic,1
ethnic,power,1
ethnic,music,1
ritual,black,1
ritual,ambient,1
soundtrack,symphonic,1
